time,voltage,current
2011,3.69616,0.0500408
2012,3.69615,0.0271617
2013,3.69584,0.028418
2014,3.69581,0.0283724
2015,3.69586,0.027541
2016,3.69606,0.0279491
2017,3.69571,0.0281482
2018,3.69592,0.0279607
2019,3.69588,0.0278971
2020,3.69569,0.0276215
2021,3.69597,0.0275627
2022,3.69586,0.0282626
2023,3.69581,0.0285236
2024,3.69574,0.0278035
2025,3.69572,0.0280237
2026,3.69586,0.0280207
2027,3.69582,0.0275089
2028,3.696,0.0278543
2029,3.69581,0.0277729
2030,3.69583,0.0278607
2031,3.69603,0.0277243
2032,3.69612,0.0278423
2033,3.69595,0.0281953
2034,3.69565,0.0281179
2035,3.69575,0.0284116
2036,3.69567,0.0282382
2037,3.69582,0.0285284
2038,3.69577,0.0284685
2039,3.69567,0.0278726
2040,3.69567,0.0278426
2041,3.69606,0.0283171
2042,3.6957,0.0288395
2043,3.69572,0.0281999
2044,3.69577,0.0277759
2045,3.69596,0.0280051
2046,3.69577,0.027957
2047,3.6957,0.0284709
2048,3.69578,0.0278628
2049,3.69584,0.0276395
2050,3.69572,0.0280613
2051,3.69579,0.0279934
2052,3.6958,0.0276291
2053,3.69584,0.0439379
2054,3.69569,0.0285021
2055,3.69575,0.0277741
2056,3.6958,0.0286086
2057,3.69575,0.0281002
2058,3.69569,0.0280326
2059,3.69584,0.0278365
2060,3.69613,0.027589
2061,3.69573,0.0275358
2062,3.69582,0.0275325
2063,3.69583,0.0302522
2064,3.69574,0.028102
2065,3.69574,0.028615
2066,3.69565,0.0291087
2067,3.69587,0.0277325
2068,3.69571,0.0281718
2069,3.69579,0.0279491
2070,3.69573,0.0281039
2071,3.69583,0.0284734
2072,3.69571,0.0277802
2073,3.69566,0.0285095
2074,3.69585,0.0280057
2075,3.69616,0.0286728
2076,3.69607,0.0273339
2077,3.69612,0.0284804
2078,3.69571,0.028456
2079,3.69576,0.0287144
2080,3.69574,0.0274823
2081,3.69573,0.0322836
2082,3.69582,0.0282574
2083,3.69573,0.0284508
2084,3.69572,0.0275906
2085,3.69585,0.0284608
2086,3.69578,0.0280204
2087,3.6961,0.0282403
2088,3.69578,0.0274597
2089,3.69571,0.0275089
2090,3.69583,0.0282794
2091,3.69577,0.0281959
2092,3.69579,0.0282776
2093,3.69569,0.182183
2094,3.69577,0.028385
2095,3.69576,0.027883
2096,3.69619,0.0279531
2097,3.69579,0.02733
2098,3.69599,0.0279133
2099,3.69609,0.0276426
2100,3.69582,0.0277493
2101,3.6961,0.0273434
2102,3.69601,0.0272682
2103,3.69582,0.0273804
2104,3.69612,0.0370127
2105,3.69582,0.0272568
2106,3.69604,0.0276429
2107,3.69571,0.0281862
2108,3.69568,0.0283058
2109,3.69577,0.0282115
2110,3.69574,0.0277533
2111,3.69611,0.0272966
2112,3.69608,0.02811
2113,3.69576,0.0282681
2114,3.69568,0.0282761
2115,3.69582,0.0284036
2116,3.6958,0.0277704
2117,3.69584,0.0271938
2118,3.69585,0.0280035
2119,3.69581,0.0276313
2120,3.69584,0.0278044
2121,3.69605,0.0278806
2122,3.69576,0.0281241
2123,3.69584,0.0281501
2124,3.69576,0.0283575
2125,3.69567,0.0277432
2126,3.69613,0.0282082
2127,3.69574,0.0277711
2128,3.69601,0.027693
2129,3.69577,0.0282883
2130,3.69622,0.0276842
2131,3.69585,0.0271813
2132,3.69573,0.0469987
2133,3.69605,0.0274633
2134,3.69579,0.0280259
2135,3.6958,0.027801
2136,3.696,0.0281167
2137,3.69579,0.027612
2138,3.69583,0.0280396
2139,3.69581,0.0282629
2140,3.69573,0.0277499
2141,3.69609,0.0278561
2142,3.69579,0.0285667
2143,3.69579,0.0285967
2144,3.69575,0.027857
2145,3.69584,0.0271232
2146,3.69568,0.0273492
2147,3.69611,0.027329
2148,3.6958,0.0274061
2149,3.69567,0.0278179
2150,3.6957,0.028403
2151,3.69578,0.0270556
2152,3.69579,0.0275043
2153,3.69573,0.028396
2154,3.69572,0.0281776
2155,3.69579,0.0272024
2156,3.69609,0.0271155
2157,3.69618,0.0271483
2158,3.69615,0.0277264
2159,3.69585,0.0279751
2160,3.69597,0.0272884
2161,3.69583,0.0282486
2162,3.69584,0.0283263
2163,3.69604,0.0284058
2164,3.69578,0.0279754
2165,3.69607,0.0271733
2166,3.69572,0.0273957
2167,3.69611,0.0284211
2168,3.69586,0.0274395
2169,3.69581,0.028251
2170,3.69593,0.0283308
2171,3.69577,0.0283523
2172,3.69576,0.0282947
2173,3.69579,0.0280298
2174,3.69577,0.038166
2175,3.69561,0.0280886
2176,3.69574,0.0280228
2177,3.69591,0.0279567
2178,3.69576,0.0281299
2179,3.69581,0.0277616
2180,3.69585,0.0273165
2181,3.69579,0.0279457
2182,3.69606,0.0280702
2183,3.69584,0.0284015
2184,3.69565,0.0277172
2185,3.69563,0.0284232
2186,3.69594,0.0271963
2187,3.69593,0.0272284
2188,3.69579,0.0283987
2189,3.69571,0.0279833
2190,3.69577,0.0277625
2191,3.69589,0.0276646
2192,3.6959,0.0277851
2193,3.69571,0.0285896
2194,3.69578,0.0278558
2195,3.69587,0.0280301
2196,3.69577,0.0279537
2197,3.69561,0.0278029
2198,3.69566,0.0280647
2199,3.69573,0.0279586
2200,3.69574,0.0280145
2201,3.69585,0.0282222
2202,3.69587,0.0499509
2203,3.69566,0.0278267
2204,3.69569,0.0278708
2205,3.69584,0.0279053
2206,3.69577,0.0283865
2207,3.69574,0.0279708
2208,3.69619,0.0272162
2209,3.69582,0.0283012
2210,3.69589,0.0285184
2211,3.69582,0.028229
2212,3.69613,0.0281103
2213,3.69577,0.0270917
2214,3.69583,0.0273272
2215,3.69578,0.0269788
2216,3.69576,0.0278573
2217,3.69585,0.0285489
2218,3.69576,0.0283935
2219,3.69574,0.0280005
2220,3.69581,0.0278445
2221,3.69618,0.0273951
2222,3.69556,0.0284269
2223,3.6957,0.0274373
2224,3.69578,0.027448
2225,3.69607,0.0277949
2226,3.69631,0.0271336
2227,3.69575,0.0280846
2228,3.69583,0.0274792
2229,3.69582,0.0276169
2230,3.69624,0.0272636
2231,3.69582,0.0279476
2232,3.69567,0.0278365
2233,3.69578,0.0274398
2234,3.69572,0.0275808
2235,3.69589,0.0275046
2236,3.69581,0.0274639
2237,3.69583,0.0283691
2238,3.69569,0.027656
2239,3.69572,0.0285043
2240,3.69576,0.0285951
2241,3.69592,0.0280464
2242,3.69574,0.0278717
2243,3.69581,0.0274248
2244,3.69597,0.0282063
2245,3.69579,0.0282063
2246,3.6957,0.0270314
2247,3.69596,0.0274297
2248,3.69591,0.0276863
2249,3.69573,0.0278561
2250,3.69603,0.0278897
2251,3.69574,0.0278653
2252,3.69618,0.0273165
2253,3.69572,0.0486227
2254,3.69568,0.027292
2255,3.69584,0.0276722
2256,3.69585,0.0277365
2257,3.6959,0.0271856
2258,3.69569,0.0276826
2259,3.69576,0.027846
2260,3.69578,0.0285098
2261,3.69576,0.0283682
2262,3.69575,0.0279855
2263,3.69576,0.0276258
2264,3.69565,0.028218
2265,3.69576,0.0271278
2266,3.69614,0.0277429
2267,3.69613,0.0281106
2268,3.69578,0.0279372
2269,3.69577,0.0290971
2270,3.69577,0.0298068
2271,3.69581,0.0289383
2272,3.69607,0.0293109
2273,3.69571,0.0284884
2274,3.69617,0.0279378
2275,3.69607,0.0274844
2276,3.69591,0.0282115
2277,3.696,0.0279417
2278,3.69566,0.0305097
2279,3.69569,0.0308548
2280,3.69603,0.0302776
2281,3.69565,0.0308768
2282,3.69575,0.0295385
2283,3.69577,0.0301543
2284,3.6962,0.0283611
2285,3.69571,0.0276566
2286,3.69572,0.0284214
2287,3.69588,0.0286058
2288,3.69609,0.0273495
2289,3.69606,0.0294752
2290,3.69586,0.0272685
2291,3.69614,0.0277863
2292,3.69591,0.0284275
2293,3.69625,0.0277117
2294,3.69575,0.0283097
2295,3.6957,0.0281265
2296,3.69574,0.0282137
2297,3.69578,0.0276395
2298,3.6958,0.0283767
2299,3.69576,0.0273229
2300,3.69637,0.0275205
2301,3.69573,0.0281623
2302,3.69577,0.0277392
2303,3.69582,0.0283342
2304,3.69573,0.0276496
2305,3.69611,0.0276615
2306,3.69607,0.0269571
2307,3.6962,0.0274382
2308,3.69587,0.0281118
2309,3.69584,0.0284021
2310,3.69613,0.0280103
2311,3.69584,0.0279408
2312,3.69621,0.0276667
2313,3.69616,0.0273844
2314,3.69587,0.028314
2315,3.69588,0.0279341
2316,3.69584,0.0280054
2317,3.69586,0.0276004
2318,3.69579,0.0277392
2319,3.69612,0.027136
2320,3.69598,0.028061
2321,3.69616,0.0274593
2322,3.69576,0.0274801
2323,3.69582,0.0399708
2324,3.69573,0.0282657
2325,3.6958,0.0277551
2326,3.69591,0.0278182
2327,3.69584,0.0276475
2328,3.69605,0.0283367
2329,3.69586,0.0278644
2330,3.69571,0.0277542
2331,3.6959,0.0281299
2332,3.69581,0.0283513
2333,3.69583,0.0280592
2334,3.69592,0.0279451
2335,3.69587,0.0280072
2336,3.69578,0.0271192
2337,3.69607,0.0279659
2338,3.69584,0.028507
2339,3.69579,0.0280112
2340,3.69587,0.028522
2341,3.69581,0.0271339
2342,3.69607,0.0276239
2343,3.69617,0.0277472
2344,3.69584,0.0275398
2345,3.69582,0.0278016
2346,3.69601,0.0277334
2347,3.69615,0.0274288
2348,3.69575,0.0279858
2349,3.69579,0.0277919
2350,3.69609,0.0280057
2351,3.69563,0.0460978
2352,3.6958,0.0278237
2353,3.69625,0.0281143
2354,3.69564,0.0277622
2355,3.69589,0.0276631
2356,3.69581,0.0278325
2357,3.69576,0.0285101
2358,3.69577,0.028192
2359,3.69573,0.0286224
2360,3.69571,0.0281244
2361,3.69587,0.0273954
2362,3.69589,0.0280528
2363,3.6957,0.0278405
2364,3.69609,0.0274652
2365,3.69582,0.0278852
2366,3.69582,0.0283538
2367,3.69581,0.0281372
2368,3.69579,0.0281969
2369,3.69593,0.0279726
2370,3.69627,0.027356
2371,3.69601,0.0277071
2372,3.69577,0.0272318
2373,3.69576,0.0277145
2374,3.69575,0.0406281
2375,3.69619,0.0276713
2376,3.69578,0.0278861
2377,3.69615,0.0275043
2378,3.69616,0.0271715
2379,3.69616,0.0278796
2380,3.69582,0.0276885
2381,3.69605,0.0274789
2382,3.69603,0.027571
2383,3.69575,0.0276591
2384,3.69578,0.0271911
2385,3.69585,0.028456
2386,3.69582,0.0277805
2387,3.69605,0.0277634
2388,3.69559,0.0286089
2389,3.69563,0.0281143
2390,3.69583,0.027827
2391,3.69581,0.0270617
2392,3.69581,0.0276918
2393,3.69558,0.0312417
2394,3.69573,0.0280773
2395,3.69573,0.0282207
2396,3.69572,0.0272214
2397,3.69575,0.0278769
2398,3.69579,0.0273186
2399,3.69605,0.0284049
2400,3.69574,0.0273043
2401,3.696,0.0278032
2402,3.69576,0.0277221
2403,3.6957,0.0270384
2404,3.69574,0.0283278
2405,3.69569,0.0282449
2406,3.69583,0.0282342
2407,3.69588,0.0281764
2408,3.69609,0.0280959
2409,3.69578,0.028533
2410,3.69586,0.0277273
2411,3.69587,0.026999
2412,3.69575,0.0270565
2413,3.69619,0.026973
2414,3.69581,0.027942
2415,3.69568,0.0278928
2416,3.69581,0.0495609
2417,3.69576,0.0280011
2418,3.69628,0.0281608
2419,3.69572,0.0277885
2420,3.69597,0.0274453
2421,3.69573,0.0271801
2422,3.69579,0.027032
2423,3.69576,0.0284844
2424,3.69574,0.0278068
2425,3.69584,0.0275321
2426,3.69569,0.0278472
2427,3.69583,0.0277499
2428,3.69568,0.0273211
2429,3.69584,0.0278907
2430,3.69612,0.0273263
2431,3.69584,0.0283495
2432,3.69577,0.0271865
2433,3.69584,0.0276915
2434,3.69586,0.0278484
2435,3.69581,0.0288172
2436,3.6959,0.0285
2437,3.69564,0.0279313
2438,3.6959,0.0278166
2439,3.69589,0.0276805
2440,3.69613,0.0276322
2441,3.69574,0.0272835
2442,3.69583,0.0282599
2443,3.6957,0.0273982
2444,3.69589,0.0283789
2445,3.69579,0.0279023
2446,3.69594,0.0279999
2447,3.69583,0.0285385
2448,3.69586,0.0283764
2449,3.69571,0.0277649
2450,3.69581,0.0277836
2451,3.69606,0.0276915
2452,3.69589,0.0276643
2453,3.69589,0.0270286
2454,3.69585,0.0271828
2455,3.6959,0.0272844
2456,3.69586,0.0279977
2457,3.69578,0.0272547
2458,3.69614,0.0278445
2459,3.69625,0.0270666
2460,3.69576,0.0276368
2461,3.6961,0.027158
2462,3.69565,0.0277402
2463,3.69586,0.027504
2464,3.69591,0.0275557
2465,3.69613,0.0288573
2466,3.6958,0.0288631
2467,3.6957,0.0278659
2468,3.69564,0.0278879
2469,3.69592,0.0282694
2470,3.69586,0.0280901
2471,3.69572,0.0275679
2472,3.6958,0.0271531
2473,3.69576,0.0275315
2474,3.69579,0.0278451
2475,3.69569,0.0283593
2476,3.69585,0.0279589
2477,3.6958,0.0280078
2478,3.69569,0.027995
2479,3.69583,0.027084
2480,3.69578,0.0279191
2481,3.69578,0.0281415
2482,3.69576,0.0285502
2483,3.69585,0.0280274
2484,3.69581,0.0282889
2485,3.69575,0.0278298
2486,3.69585,0.0348137
2487,3.69583,0.0280109
2488,3.69582,0.0278261
2489,3.69597,0.0268867
2490,3.69588,0.0271501
2491,3.69583,0.0276882
2492,3.69628,0.0271681
2493,3.69572,0.0277799
2494,3.69587,0.0282008
2495,3.69628,0.0280607
2496,3.69589,0.0283587
2497,3.69566,0.0279705
2498,3.69569,0.0277243
2499,3.69586,0.028414
2500,3.69583,0.0276848
2501,3.69608,0.0280421
2502,3.69573,0.0271577
2503,3.69575,0.0280093
2504,3.69631,0.027159
2505,3.69585,0.0284807
2506,3.69575,0.0279023
2507,3.69581,0.0277258
2508,3.69611,0.0279378
2509,3.69578,0.0269681
2510,3.69587,0.0282125
2511,3.69604,0.0275915
2512,3.69583,0.0272718
2513,3.69619,0.0281494
2514,3.69583,0.0415213
2515,3.69571,0.028463
2516,3.69609,0.0273514
2517,3.69565,0.0277888
2518,3.69591,0.0280314
2519,3.69589,0.0285694
2520,3.6958,0.0277499
2521,3.69613,0.0270935
2522,3.69586,0.0275419
2523,3.69579,0.0283844
2524,3.69588,0.0279913
2525,3.69585,0.0282905
2526,3.69589,0.0284991
2527,3.69578,0.0286386
2528,3.69582,0.0280925
2529,3.69584,0.0276738
2530,3.69618,0.0281706
2531,3.69592,0.0273437
2532,3.69576,0.0281565
2533,3.69586,0.0281644
2534,3.69574,0.0275263
2535,3.69582,0.0281124
2536,3.69581,0.0284251
2537,3.69578,0.0453264
2538,3.69582,0.0278796
2539,3.69615,0.0274985
2540,3.69607,0.0273046
2541,3.6958,0.0275701
2542,3.6957,0.0274031
2543,3.69608,0.0277603
2544,3.69579,0.0273875
2545,3.6957,0.0272874
2546,3.69576,0.0278974
2547,3.69579,0.0278567
2548,3.69585,0.0271522
2549,3.69592,0.0284645
2550,3.69586,0.0270317
2551,3.69591,0.0270415
2552,3.69586,0.0273049
2553,3.69623,0.0267475
2554,3.69575,0.0276585
2555,3.69614,0.0273615
2556,3.6962,0.0297985
2557,3.69568,0.027839
2558,3.69574,0.0282525
2559,3.69583,0.0280011
2560,3.69596,0.0277056
2561,3.69578,0.0273905
2562,3.69582,0.0283776
2563,3.69583,0.0278671
2564,3.69579,0.0280448
2565,3.69587,0.0417456
2566,3.69584,0.0284434
2567,3.69613,0.0273183
2568,3.69598,0.0270733
2569,3.6963,0.0274655
2570,3.69591,0.0276337
2571,3.69622,0.0280399
2572,3.69594,0.0270889
2573,3.69576,0.0274997
2574,3.69578,0.027445
2575,3.69578,0.0277264
2576,3.69595,0.0268549
2577,3.69587,0.0280274
2578,3.69596,0.0270828
2579,3.69618,0.02769
2580,3.69574,0.0277915
2581,3.69576,0.0279684
2582,3.69573,0.0277919
2583,3.69583,0.0276343
2584,3.69619,0.0273991
2585,3.69577,0.027363
2586,3.69584,0.028463
2587,3.69573,0.0278555
2588,3.69581,0.0284823
2589,3.69615,0.0275169
2590,3.69609,0.0277402
2591,3.69584,0.0275086
2592,3.69605,0.0273608
2593,3.69581,0.0282782
2594,3.69592,0.0284608
2595,3.69593,0.0274199
2596,3.69594,0.0276683
2597,3.69585,0.0271681
2598,3.69593,0.0273452
2599,3.69613,0.0276459
2600,3.69576,0.0275869
2601,3.69581,0.0278582
2602,3.69576,0.0281865
2603,3.69585,0.0279176
2604,3.69591,0.0275419
2605,3.69623,0.0270748
2606,3.69605,0.0271131
2607,3.6961,0.0500717
2608,3.69573,0.0273563
2609,3.69573,0.0280048
2610,3.69588,0.0271709
2611,3.69596,0.027411
2612,3.69615,0.027664
2613,3.69579,0.0284709
2614,3.69583,0.0280298
2615,3.69587,0.0273541
2616,3.69579,0.0280825
2617,3.69575,0.0271461
2618,3.69578,0.0275887
2619,3.6958,0.0280087
2620,3.69587,0.0282143
2621,3.69582,0.0287514
2622,3.69564,0.0284645
2623,3.69575,0.0285887
2624,3.69581,0.0286113
2625,3.69573,0.0283929
2626,3.69582,0.0277209
2627,3.69616,0.0282807
2628,3.6961,0.0283437
2629,3.69577,0.0279356
2630,3.69582,0.027511
2631,3.69568,0.0274049
2632,3.69597,0.0270782
2633,3.69606,0.0275765
2634,3.6958,0.0282158
2635,3.69583,0.051414
2636,3.6957,0.0277279
2637,3.69589,0.0282892
2638,3.69574,0.0281742
2639,3.69589,0.0270944
2640,3.69614,0.0280106
2641,3.69576,0.0274554
2642,3.69593,0.0285679
2643,3.69572,0.0275526
2644,3.69576,0.0280341
2645,3.69581,0.0278273
2646,3.69581,0.0275842
2647,3.69587,0.027408
2648,3.69569,0.028165
2649,3.69575,0.0274967
2650,3.69609,0.0270696
2651,3.69576,0.027682
2652,3.69582,0.0273829
2653,3.69568,0.0279628
2654,3.69567,0.0281023
2655,3.69579,0.0282752
2656,3.69568,0.0280672
2657,3.69611,0.0277937
2658,3.69587,0.028534
2659,3.69578,0.0284033
2660,3.69572,0.0277603
2661,3.69576,0.0288906
2662,3.69581,0.028619
2663,3.69573,0.0281901
2664,3.69583,0.0288135
2665,3.69571,0.0276934
2666,3.69582,0.0272727
2667,3.69582,0.0277276
2668,3.69612,0.0270693
2669,3.69596,0.205257
2670,3.69578,0.0271547
2671,3.69581,0.0266928
2672,3.69607,0.026653
2673,3.69582,0.0266689
2674,3.69587,0.0271892
2675,3.69571,0.0279947
2676,3.69581,0.0268421
2677,3.69575,0.0268983
2678,3.69573,0.0274805
2679,3.6957,0.0266949
2680,3.69575,0.0270201
2681,3.69618,0.0266652
2682,3.69587,0.0275447
2683,3.69617,0.0266851
2684,3.6958,0.0276441
2685,3.69568,0.0273021
2686,3.69612,0.0270797
2687,3.69576,0.0272513
2688,3.69571,0.0268133
2689,3.69609,0.0272143
2690,3.69585,0.0268833
2691,3.69575,0.0269656
2692,3.69668,0.201098
2693,3.69576,0.027043
2694,3.69592,0.0279576
2695,3.69567,0.0270421
2696,3.69582,0.027121
2697,3.69593,0.0276426
2698,3.69589,0.0269017
2699,3.69572,0.0271027
2700,3.69628,0.0269509
2701,3.69577,0.0268546
2702,3.69572,0.0271657
2703,3.69583,0.0277374
2704,3.6958,0.0277065
2705,3.6961,0.0285499
2706,3.69564,0.0273556
2707,3.69616,0.0263303
2708,3.69594,0.0281005
2709,3.69622,0.0263713
2710,3.69592,0.0267601
2711,3.69604,0.0271232
2712,3.69569,0.0270849
2713,3.69611,0.0273156
2714,3.69589,0.0269366
2715,3.69589,0.0264526
2716,3.6962,0.0275034
2717,3.69615,0.027526
2718,3.69624,0.0270602
2719,3.69607,0.0275312
2720,3.69579,0.0269574
2721,3.69623,0.0271743
2722,3.69629,0.0265303
2723,3.69592,0.0264679
2724,3.69597,0.0273404
2725,3.6958,0.0276111
2726,3.69582,0.0275649
2727,3.69583,0.027924
2728,3.69572,0.0438752
2729,3.69586,0.0276875
2730,3.69588,0.0276771
2731,3.69582,0.0274343
2732,3.69581,0.0272437
2733,3.69575,0.0268797
2734,3.69605,0.026705
2735,3.69598,0.0265297
2736,3.69576,0.0275927
2737,3.6958,0.0262584
2738,3.69598,0.0274168
2739,3.69585,0.0276254
2740,3.69566,0.027627
2741,3.69576,0.0271782
2742,3.69594,0.0267488
2743,3.69576,0.0265316
2744,3.69619,0.0272642
2745,3.69583,0.0275881
2746,3.69576,0.0271351
2747,3.69619,0.0263603
2748,3.69622,0.0266022
2749,3.69615,0.0269509
2750,3.69584,0.0273189
2751,3.69585,0.0277252
2752,3.69594,0.0272162
2753,3.69586,0.0276979
2754,3.69602,0.027809
2755,3.69574,0.027404
2756,3.69571,0.0499689
2757,3.69582,0.0269283
2758,3.69582,0.0273544
2759,3.69582,0.0270137
2760,3.69568,0.0272884
2761,3.69612,0.0271984
2762,3.69589,0.0271281
2763,3.69585,0.0278169
2764,3.69581,0.0268246
2765,3.69579,0.0272899
2766,3.69611,0.0265897
2767,3.69574,0.0276606
2768,3.69574,0.0271476
2769,3.69613,0.0267019
2770,3.6958,0.0268509
2771,3.69604,0.0267717
2772,3.69576,0.0272048
2773,3.69613,0.0270442
2774,3.69595,0.0268335
2775,3.69581,0.0267093
2776,3.69611,0.0272119
2777,3.69583,0.0274058
2778,3.69612,0.0263067
2779,3.69609,0.027263
2780,3.6962,0.0267998
2781,3.69614,0.0274193
2782,3.6957,0.0275563
2783,3.69576,0.0272051
2784,3.69601,0.0270776
2785,3.6958,0.0264502
2786,3.69606,0.0274073
2787,3.69586,0.027463
2788,3.6959,0.027147
2789,3.69588,0.0266729
2790,3.69611,0.02727
2791,3.69574,0.0271094
2792,3.69579,0.0275321
2793,3.69569,0.0272201
2794,3.69575,0.0272204
2795,3.69583,0.0270672
2796,3.69567,0.0265615
2797,3.69608,0.0276126
2798,3.69577,0.0275481
2799,3.69584,0.0271574
2800,3.69605,0.0274263
2801,3.69613,0.0272327
2802,3.69578,0.0271724
2803,3.6958,0.0270797
2804,3.69575,0.0271421
2805,3.69607,0.0272449
2806,3.69581,0.0272896
2807,3.69587,0.0264811
2808,3.69617,0.0271027
2809,3.69612,0.0272966
2810,3.69593,0.0277148
2811,3.69579,0.0271369
2812,3.69584,0.0277515
2813,3.69578,0.0265469
2814,3.6959,0.0267919
2815,3.69584,0.0267986
2816,3.69607,0.0266191
2817,3.69567,0.0270959
2818,3.6959,0.0267176
2819,3.69621,0.0265521
2820,3.69611,0.0263982
2821,3.69584,0.0268843
2822,3.69575,0.0274606
2823,3.69578,0.0272373
2824,3.69582,0.0264046
2825,3.69586,0.0270268
2826,3.69568,0.034855
2827,3.69584,0.0271363
2828,3.69576,0.0273327
2829,3.69578,0.027697
2830,3.69579,0.0265371
2831,3.69612,0.0271073
2832,3.69608,0.0273391
2833,3.69599,0.0270635
2834,3.69605,0.0270247
2835,3.69603,0.0264609
2836,3.69576,0.0270868
2837,3.69592,0.0265108
2838,3.69576,0.0275291
2839,3.69568,0.0278748
2840,3.69587,0.0280534
2841,3.69589,0.0270158
2842,3.69574,0.0271822
2843,3.69582,0.0270944
2844,3.6958,0.0266322
2845,3.69564,0.0270681
2846,3.6962,0.0264175
2847,3.6958,0.0270109
2848,3.69576,0.0278607
2849,3.69583,0.0275328
2850,3.69587,0.027021
2851,3.69578,0.0273137
2852,3.69585,0.0273095
2853,3.69589,0.0265539
2854,3.69577,0.0301173
2855,3.69609,0.0277224
2856,3.69577,0.0273853
2857,3.69582,0.0268818
2858,3.69575,0.0277475
2859,3.69584,0.0277854
2860,3.69582,0.0280479
2861,3.69574,0.0278365
2862,3.6957,0.0272293
2863,3.6958,0.027307
2864,3.69589,0.0263661
2865,3.69619,0.0264722
2866,3.69617,0.0271895
2867,3.69581,0.0276282
2868,3.69616,0.026932
2869,3.69581,0.0272911
2870,3.69582,0.0270602
2871,3.69581,0.0266316
2872,3.69628,0.0270381
2873,3.69592,0.0272131
2874,3.69591,0.0263704
2875,3.69624,0.027902
2876,3.69587,0.0270736
2877,3.69573,0.0489995
2878,3.69626,0.026846
2879,3.69615,0.0274419
2880,3.69582,0.0277527
2881,3.69593,0.0279258
2882,3.69586,0.028047
2883,3.6958,0.0277215
2884,3.69581,0.0273336
2885,3.69584,0.0270069
2886,3.69625,0.026661
2887,3.69588,0.028006
2888,3.69591,0.0269922
2889,3.69621,0.0278062
2890,3.69581,0.0265658
2891,3.69617,0.0273284
2892,3.69615,0.0268466
2893,3.6962,0.0265628
2894,3.69618,0.0272529
2895,3.69597,0.0270078
2896,3.69582,0.0275484
2897,3.69589,0.0272327
2898,3.69598,0.0272437
2899,3.69618,0.0266111
2900,3.69574,0.0272097
2901,3.69611,0.0277126
2902,3.69582,0.027211
2903,3.69593,0.0270201
2904,3.69589,0.0270966
2905,3.69584,0.0503828
2906,3.69591,0.0264845
2907,3.69569,0.0268882
2908,3.6959,0.0268032
2909,3.6961,0.0274593
2910,3.69577,0.027474
2911,3.69579,0.0276355
2912,3.69584,0.0276738
2913,3.69617,0.0268488
2914,3.69614,0.0267035
2915,3.69585,0.0269626
2916,3.6959,0.0269516
2917,3.69588,0.0265043
2918,3.69592,0.0266475
2919,3.69612,0.0267341
2920,3.69611,0.0266469
2921,3.6958,0.0264857
2922,3.69614,0.0271657
2923,3.69578,0.0273217
2924,3.6957,0.0267038
2925,3.69592,0.0268726
2926,3.69589,0.0269978
2927,3.69568,0.0277056
2928,3.69578,0.0271305
2929,3.69576,0.0278224
2930,3.69583,0.0276998
2931,3.6958,0.0266499
2932,3.69591,0.0267399
2933,3.69582,0.0271021
2934,3.69581,0.0279289
2935,3.69624,0.0273807
2936,3.69589,0.0266603
2937,3.69627,0.0262917
2938,3.69618,0.0271602
2939,3.69578,0.0272813
2940,3.69572,0.0282807
2941,3.69584,0.0270791
2942,3.69632,0.0266683
2943,3.6958,0.0278243
2944,3.69599,0.0265282
2945,3.69584,0.0271437
2946,3.69575,0.0263083
2947,3.69567,0.0506728
2948,3.69581,0.0271614
2949,3.69625,0.0273232
2950,3.69568,0.0273364
2951,3.69585,0.0271807
2952,3.69611,0.0265511
2953,3.69613,0.0272853
2954,3.69576,0.0274645
2955,3.69598,0.0272437
2956,3.69598,0.0286722
2957,3.69577,0.026891
2958,3.69587,0.0267692
2959,3.69617,0.0272917
2960,3.69578,0.0276374
2961,3.69584,0.027389
2962,3.69588,0.026727
2963,3.69584,0.0277616
2964,3.69578,0.0271204
2965,3.69584,0.0270522
2966,3.69588,0.027069
2967,3.69577,0.0266628
2968,3.69628,0.0269485
2969,3.69618,0.027434
2970,3.69628,0.0272825
2971,3.69588,0.0263101
2972,3.69584,0.0269133
2973,3.69569,0.0275471
2974,3.69579,0.027229
2975,3.69579,0.0290913
2976,3.6962,0.028035
2977,3.69593,0.026608
2978,3.69582,0.0271287
2979,3.69583,0.027853
2980,3.69593,0.0268191
2981,3.6962,0.0271375
2982,3.69615,0.0274792
2983,3.69589,0.0275979
2984,3.69574,0.027631
2985,3.69579,0.02769
2986,3.6958,0.0271189
2987,3.69624,0.0266316
2988,3.69578,0.0278732
2989,3.69623,0.0267696
2990,3.6959,0.0266781
2991,3.69581,0.0265279
2992,3.69575,0.0263315
2993,3.69578,0.0275236
2994,3.6958,0.0276585
2995,3.69582,0.0268442
2996,3.69573,0.0270042
2997,3.69605,0.027177
2998,3.69605,0.0457375
2999,3.69589,0.0277616
3000,3.69587,0.0272859
3001,3.69579,0.0278298
3002,3.69579,0.0265768
3003,3.69586,0.0269412
3004,3.69582,0.0263756
3005,3.69617,0.0265181
3006,3.6962,0.0277808
3007,3.69594,0.0271427
3008,3.69557,0.0269699
3009,3.6962,0.027222
3010,3.69584,0.0266655
3011,3.69576,0.0272455
3012,3.69584,0.026649
3013,3.69587,0.0264722
3014,3.69616,0.0273468
3015,3.69592,0.0267081
3016,3.69576,0.0276037
3017,3.69586,0.0271706
3018,3.69571,0.0267506
3019,3.69623,0.0273049
3020,3.69577,0.0263098
3021,3.69559,0.0272241
3022,3.69616,0.0269794
3023,3.69604,0.0277998
3024,3.69617,0.0274153
3025,3.69584,0.0278836
3026,3.69589,0.0484979
3027,3.69614,0.0270238
3028,3.69582,0.027133
3029,3.69611,0.0270476
3030,3.69583,0.0270837
3031,3.69574,0.0274447
3032,3.69587,0.0262994
3033,3.69582,0.026545
3034,3.69582,0.026501
3035,3.69583,0.0277319
3036,3.69604,0.0271421
3037,3.69568,0.0268219
3038,3.69592,0.0276704
3039,3.69615,0.0260905
3040,3.69574,0.0266989
3041,3.69614,0.0270372
3042,3.69588,0.0269497
3043,3.69596,0.0273933
3044,3.69591,0.0279145
3045,3.69585,0.0277585
3046,3.69591,0.028842
3047,3.69586,0.0268099
3048,3.69637,0.0263025
3049,3.69589,0.0288857
3050,3.69582,0.0276765
3051,3.69582,0.0274954
3052,3.69589,0.0270112
3053,3.69578,0.0269509
3054,3.6959,0.0271706
3055,3.69614,0.0274058
3056,3.6959,0.0280479
3057,3.69575,0.0280861
3058,3.69585,0.0270473
3059,3.69617,0.0264881
3060,3.69628,0.0265649
3061,3.6961,0.0265964
3062,3.69579,0.0276438
3063,3.69583,0.0264285
3064,3.69604,0.0271902
3065,3.69604,0.0272939
3066,3.69581,0.0274052
3067,3.69603,0.0276098
3068,3.69588,0.0264731
3069,3.69618,0.0265114
3070,3.69591,0.027653
3071,3.69585,0.0269357
3072,3.69624,0.0263288
3073,3.69589,0.0266126
3074,3.69605,0.0273076
3075,3.69582,0.0267757
3076,3.69589,0.0263159
3077,3.69608,0.0265768
3078,3.69575,0.0264062
3079,3.696,0.0280656
3080,3.69568,0.0274413
3081,3.69575,0.027615
3082,3.69565,0.0268001
3083,3.69579,0.0269231
3084,3.69575,0.0269873
3085,3.69576,0.0274875
3086,3.69588,0.0265903
3087,3.69579,0.0275306
3088,3.69592,0.0275765
3089,3.69581,0.0269889
3090,3.69588,0.0272721
3091,3.69568,0.0268999
3092,3.69583,0.026973
3093,3.69576,0.027519
3094,3.69582,0.026805
3095,3.69574,0.0260966
3096,3.69585,0.0507435
3097,3.69602,0.0266974
3098,3.69611,0.0268653
3099,3.69574,0.0270155
3100,3.69584,0.0269834
3101,3.69616,0.0276937
3102,3.69578,0.0270311
3103,3.69592,0.0271492
3104,3.69583,0.0281277
3105,3.69586,0.0279222
3106,3.69578,0.0278815
3107,3.69577,0.026463
3108,3.6958,0.0277343
3109,3.69605,0.0265444
3110,3.69604,0.0269409
3111,3.69575,0.0266689
3112,3.69617,0.0272761
3113,3.69572,0.0267527
3114,3.69605,0.0265964
3115,3.69607,0.0269623
3116,3.69573,0.0279754
3117,3.69576,0.0269999
3118,3.6958,0.0271568
3119,3.69577,0.0268402
3120,3.69589,0.284564
3121,3.69598,0.0754041
3122,3.69578,0.101752
3123,3.69593,0.116379
3124,3.69579,0.0861318
3125,3.69623,0.0866711
3126,3.69581,0.0525299
3127,3.69587,0.0278968
3128,3.69588,0.027657
3129,3.69583,0.0273355
3130,3.69576,0.0271348
3131,3.69593,0.0265056
3132,3.69613,0.0271403
3133,3.6958,0.027605
3134,3.69611,0.0276147
3135,3.69624,0.027552
3136,3.69571,0.0273177
3137,3.69608,0.0271981
3138,3.69617,0.0326268
3139,3.69578,0.0277564
3140,3.69585,0.0277499
3141,3.696,0.0270871
3142,3.69592,0.02763
3143,3.69568,0.0275098
3144,3.69582,0.0271021
3145,3.6961,0.0264548
3146,3.69619,0.0268983
3147,3.69579,0.0275823
3148,3.69582,0.0263713
3149,3.69618,0.0271733
3150,3.6958,0.0272975
3151,3.69566,0.0264863
3152,3.69584,0.0274707
3153,3.69576,0.0277879
3154,3.69577,0.027735
3155,3.69572,0.027772
3156,3.69571,0.0278439
3157,3.69572,0.0275615
3158,3.69587,0.0278435
3159,3.69588,0.0268246
3160,3.69581,0.0273737
3161,3.6957,0.0338382
3162,3.69588,0.026761
3163,3.69577,0.0270611
3164,3.69611,0.0267344
3165,3.69573,0.0269864
3166,3.69608,0.0271351
3167,3.69578,0.027827
3168,3.69584,0.0272559
3169,3.69579,0.0269821
3170,3.69603,0.0266454
3171,3.69586,0.0270317
3172,3.69584,0.0265927
3173,3.69577,0.0271427
3174,3.6958,0.0275753
3175,3.69577,0.0409129
3176,3.69582,0.0277267
3177,3.69575,0.0277264
3178,3.69578,0.0273425
3179,3.69584,0.0275269
3180,3.69582,0.0271489
3181,3.69586,0.104909
3182,3.69578,0.0268944
3183,3.69604,0.0279417
3184,3.69573,0.0272409
3185,3.6959,0.0275095
3186,3.69574,0.0278359
3187,3.69588,0.0271287
3188,3.69569,0.0268442
3189,3.69562,0.044349
3190,3.6959,0.0266313
3191,3.69576,0.0275707
3192,3.69586,0.0275233
3193,3.69579,0.0282207
3194,3.69586,0.0264548
3195,3.6961,0.0267436
3196,3.69587,0.0270231
3197,3.69567,0.0275126
3198,3.69578,0.0277004
3199,3.69575,0.0273269
3200,3.69584,0.0271021
3201,3.69619,0.0273905
3202,3.69577,0.0270972
3203,3.69608,0.0272159
3204,3.69583,0.0272229
3205,3.69579,0.0276462
3206,3.69577,0.0271201
3207,3.69581,0.027259
3208,3.69573,0.0266851
3209,3.69611,0.0266019
3210,3.69574,0.0262657
3211,3.69585,0.0273043
3212,3.69555,0.027437
3213,3.69588,0.0271687
3214,3.69597,0.0274034
3215,3.69583,0.0266815
3216,3.69572,0.0272122
3217,3.69612,0.0270118
3218,3.6958,0.0276264
3219,3.69584,0.0271547
3220,3.69617,0.0261529
3221,3.69582,0.0273431
3222,3.69627,0.0265034
3223,3.69606,0.027248
3224,3.69584,0.0274997
3225,3.69591,0.0279295
3226,3.69579,0.0264985
3227,3.69593,0.0276894
3228,3.69592,0.0270846
3229,3.69615,0.0275444
3230,3.69577,0.0271421
3231,3.6963,0.0269913
3232,3.69577,0.0276573
3233,3.69579,0.0274584
3234,3.69596,0.0264575
3235,3.6958,0.0267276
3236,3.69585,0.0277068
3237,3.69585,0.0270947
3238,3.69617,0.0273939
3239,3.69591,0.0276582
3240,3.69587,0.0273229
3241,3.69596,0.027523
3242,3.69577,0.0278503
3243,3.69577,0.0278659
3244,3.69586,0.0264793
3245,3.6961,0.0347892
3246,3.69587,0.0269855
3247,3.69577,0.0279702
3248,3.69584,0.0275903
3249,3.69583,0.0272321
3250,3.69608,0.0269506
3251,3.69611,0.0263532
3252,3.69623,0.0265209
3253,3.69567,0.0294972
3254,3.6958,0.0288001
3255,3.6958,0.0287759
3256,3.69566,0.0276735
3257,3.69582,0.0266157
3258,3.69584,0.0274208
3259,3.69577,0.027329
3260,3.69567,0.0279063
3261,3.69582,0.0302234
3262,3.69574,0.0304785
3263,3.69578,0.0297138
3264,3.69564,0.0293427
3265,3.69623,0.0299212
3266,3.69598,0.0276209
3267,3.69574,0.0263704
3268,3.69577,0.0271164
3269,3.69618,0.0263945
3270,3.69628,0.027686
3271,3.69559,0.0271905
3272,3.69578,0.0276955
3273,3.6958,0.0300989
3274,3.69595,0.0264523
3275,3.69628,0.0275744
3276,3.69581,0.0274447
3277,3.69581,0.0271057
3278,3.69619,0.0268136
3279,3.69574,0.0264487
3280,3.69614,0.0265028
3281,3.69613,0.027118
3282,3.69612,0.0268197
3283,3.6961,0.0264392
3284,3.69581,0.0272003
3285,3.69583,0.0276462
3286,3.6961,0.0270522
3287,3.69574,0.0281678
3288,3.6962,0.0271602
3289,3.69572,0.0275912
3290,3.69586,0.026557
3291,3.6959,0.0275496
3292,3.69563,0.0276199
3293,3.69566,0.0278488
3294,3.69583,0.0268772
3295,3.69609,0.0274278
3296,3.69578,0.026586
3297,3.6959,0.0271694
3298,3.69588,0.0269115
3299,3.69582,0.0265068
3300,3.69583,0.0273514
3301,3.69598,0.0277028
3302,3.69575,0.0267692
3303,3.696,0.0266763
3304,3.69604,0.026954
3305,3.69577,0.0279035
3306,3.69568,0.0272752
3307,3.69577,0.0272535
3308,3.69579,0.0278289
3309,3.69558,0.027816
3310,3.69577,0.0331285
3311,3.69562,0.0270063
3312,3.69572,0.0268613
3313,3.69575,0.0280366
3314,3.69567,0.027761
3315,3.69582,0.0277949
3316,3.69611,0.0269023
3317,3.69583,0.027017
3318,3.69572,0.0269757
3319,3.69581,0.0277466
3320,3.69564,0.0266145
3321,3.6958,0.0271587
3322,3.69587,0.0275823
3323,3.69584,0.0272272
3324,3.69587,0.0268372
3325,3.69583,0.0267708
3326,3.69581,0.0266631
3327,3.6961,0.026683
3328,3.69577,0.0271336
3329,3.69569,0.0285269
3330,3.69584,0.0268096
3331,3.69595,0.0264065
3332,3.69585,0.0264982
3333,3.69588,0.0266781
3334,3.69604,0.0269139
3335,3.69577,0.0271406
3336,3.69592,0.0269014
3337,3.69589,0.0265514
3338,3.69623,0.0451015
3339,3.69584,0.0277114
3340,3.69581,0.0277105
3341,3.69586,0.0273275
3342,3.69576,0.027151
3343,3.69575,0.0271706
3344,3.69586,0.0275459
3345,3.69591,0.0275643
3346,3.69587,0.0271865
3347,3.6958,0.0272984
3348,3.69585,0.0273186
3349,3.69578,0.0276649
3350,3.69583,0.0266594
3351,3.6959,0.0267506
3352,3.69588,0.0275793
3353,3.69612,0.0270595
3354,3.69567,0.0274584
3355,3.69582,0.0272177
3356,3.69588,0.0271122
3357,3.69578,0.027367
3358,3.6957,0.0272942
3359,3.69585,0.0266279
3360,3.69581,0.0279892
3361,3.69632,0.0270877
3362,3.69591,0.0272082
3363,3.69574,0.0276013
3364,3.69579,0.027746
3365,3.69627,0.21463
3366,3.69586,0.0786276
3367,3.69586,0.270333
3368,3.69573,0.0331569
3369,3.69584,0.0488481
3370,3.69597,0.0622001
3371,3.69596,0.048355
3372,3.69572,0.0325681
3373,3.69583,0.048694
3374,3.69576,0.0511353
3375,3.69576,0.0280938
3376,3.69589,0.0270589
3377,3.69581,0.02779
3378,3.69581,0.0281097
3379,3.69584,0.0278224
3380,3.69582,0.0500885
3381,3.6958,0.0279696
3382,3.69586,0.027218
3383,3.69588,0.0277689
3384,3.69581,0.027374
3385,3.69575,0.0277876
3386,3.69576,0.0268882
3387,3.69618,0.0276037
3388,3.69616,0.0276462
3389,3.69588,0.0282174
3390,3.69587,0.0273954
3391,3.69613,0.0272694
3392,3.6962,0.0281048
3393,3.69622,0.0275101
3394,3.69577,0.0489885
3395,3.69629,0.200515
3396,3.69573,0.0274125
3397,3.69575,0.0274756
3398,3.69588,0.027028
3399,3.69591,0.0277166
3400,3.6958,0.0267766
3401,3.69634,0.0269568
3402,3.69576,0.0264523
3403,3.69577,0.0268941
3404,3.69581,0.0275838
3405,3.69605,0.027013
3406,3.69584,0.0273584
3407,3.6961,0.0271155
3408,3.69588,0.0475698
3409,3.69576,0.0270837
3410,3.69624,0.0270828
3411,3.69587,0.0274021
3412,3.69594,0.0266509
3413,3.69629,0.0277429
3414,3.69582,0.0279176
3415,3.69579,0.0262593
3416,3.69588,0.027125
3417,3.69587,0.0272838
3418,3.69586,0.0265664
3419,3.69624,0.0278231
3420,3.69575,0.0276609
3421,3.69573,0.0277016
3422,3.6958,0.0266842
3423,3.6958,0.0267757
3424,3.69577,0.0272743
3425,3.69613,0.0264071
3426,3.69602,0.027073
3427,3.69579,0.0275722
3428,3.69569,0.0273156
3429,3.69568,0.0275294
3430,3.69586,0.0270987
3431,3.69583,0.0272088
3432,3.69588,0.0269054
3433,3.69589,0.0277197
3434,3.69572,0.0269947
3435,3.69571,0.0272945
3436,3.69577,0.027619
3437,3.69572,0.0274089
3438,3.69595,0.0265805
3439,3.69615,0.0270583
3440,3.69584,0.0273269
3441,3.69567,0.0270687
3442,3.69576,0.0270192
3443,3.69568,0.0264337
3444,3.69587,0.0274526
3445,3.69599,0.026475
3446,3.69572,0.0270082
3447,3.69616,0.0268659
3448,3.69582,0.0280684
3449,3.69622,0.0279053
3450,3.696,0.0267754
3451,3.69565,0.0276172
3452,3.69568,0.0279849
3453,3.69581,0.0274636
3454,3.6961,0.0265628
3455,3.69617,0.026445
3456,3.69593,0.0274979
3457,3.69579,0.0267555
3458,3.69575,0.0273917
3459,3.69578,0.0294403
3460,3.69578,0.027318
3461,3.69627,0.0271749
3462,3.69581,0.0273899
3463,3.69577,0.0269191
3464,3.6958,0.0269613
3465,3.69582,0.0269959
3466,3.69568,0.0269684
3467,3.6958,0.0270262
3468,3.69571,0.027211
3469,3.69591,0.0277139
3470,3.69588,0.0272523
3471,3.69578,0.0275328
3472,3.69583,0.0269127
3473,3.6958,0.0276979
3474,3.69574,0.0266197
3475,3.6958,0.026542
3476,3.69582,0.0274649
3477,3.69596,0.0880669
3478,3.69569,0.0281907
3479,3.69621,0.0267371
3480,3.69602,0.0266909
3481,3.69625,0.0277616
3482,3.69588,0.0275979
3483,3.6957,0.0274545
3484,3.69573,0.0273578
3485,3.69569,0.0273501
3486,3.69579,0.0273428
3487,3.69582,0.0270999
3488,3.69609,0.0274593
3489,3.69619,0.0272458
3490,3.6958,0.0273893
3491,3.69585,0.0270874
3492,3.69579,0.0273079
3493,3.69576,0.0269721
3494,3.69614,0.0272513
3495,3.69581,0.0277753
3496,3.69582,0.0268225
3497,3.69581,0.0265637
3498,3.69588,0.0270874
3499,3.69619,0.0270834
3500,3.69583,0.0277711
3501,3.69573,0.0461945
3502,3.69582,0.0277912
3503,3.69586,0.0265034
3504,3.69575,0.0274028
3505,3.69579,0.0271339
3506,3.69572,0.0271675
3507,3.69589,0.0274061
3508,3.69582,0.0272278
3509,3.69584,0.0270907
3510,3.69616,0.0267662
3511,3.69572,0.0276741
3512,3.69608,0.027734
3513,3.69585,0.0269929
3514,3.69576,0.0270852
3515,3.69587,0.0273976
3516,3.69585,0.0263982
3517,3.69598,0.0277499
3518,3.69577,0.0277181
3519,3.6957,0.027538
3520,3.69618,0.0268515
3521,3.69581,0.0275172
3522,3.69579,0.0263676
3523,3.69566,0.0276456
3524,3.69568,0.0274526
3525,3.69564,0.0276417
3526,3.69579,0.0271571
3527,3.69586,0.0266503
3528,3.69598,0.0266714
3529,3.69621,0.0459534
3530,3.69601,0.0273003
3531,3.69586,0.0268882
3532,3.69588,0.0267546
3533,3.69581,0.0276282
3534,3.69572,0.0268791
3535,3.69609,0.0270605
3536,3.69588,0.0277576
3537,3.6958,0.0271063
3538,3.69583,0.0267188
3539,3.69577,0.0279105
3540,3.6961,0.0266353
3541,3.69591,0.0263428
3542,3.69582,0.027322
3543,3.69612,0.0265187
3544,3.69576,0.0272336
3545,3.69579,0.0274092
3546,3.69625,0.0270326
3547,3.69577,0.0277279
3548,3.69587,0.0274092
3549,3.6958,0.0268745
3550,3.69613,0.0264881
3551,3.69574,0.0271418
3552,3.69585,0.0269861
3553,3.69576,0.0271149
3554,3.6962,0.0265236
3555,3.69612,0.0265046
3556,3.69573,0.0269886
3557,3.69582,0.0272097
3558,3.69565,0.0276459
3559,3.69574,0.0276778
3560,3.69568,0.0279564
3561,3.69592,0.0271736
3562,3.69572,0.0271363
3563,3.69597,0.0266919
3564,3.69572,0.0272816
3565,3.69585,0.0268408
3566,3.69584,0.0273073
3567,3.6958,0.0270828
3568,3.69588,0.0270485
3569,3.69588,0.0272672
3570,3.69606,0.0267019
3571,3.69582,0.0271639
3572,3.69569,0.0271687
3573,3.69588,0.0271501
3574,3.69584,0.0273459
3575,3.69582,0.0264768
3576,3.69605,0.0268436
3577,3.69604,0.0270962
3578,3.69623,0.0270265
3579,3.69582,0.0270696
3580,3.6957,0.0266487
3581,3.69583,0.0278356
3582,3.69576,0.0272137
3583,3.69607,0.0265848
3584,3.69575,0.0276343
3585,3.69569,0.0275217
3586,3.6958,0.0279292
3587,3.69589,0.026575
3588,3.69567,0.0279017
3589,3.69582,0.0265845
3590,3.69599,0.02666
3591,3.69587,0.0269962
3592,3.69576,0.0264523
3593,3.69604,0.0273927
3594,3.69582,0.0264582
3595,3.69572,0.0268827
3596,3.69572,0.0268904
3597,3.69616,0.0272572
3598,3.6962,0.0265649
3599,3.6957,0.032394
3600,3.69569,0.0276976
3601,3.69565,0.0271528
3602,3.69567,0.0271669
3603,3.69577,0.0270026
3604,3.69569,0.0267888
3605,3.69625,0.0270476
3606,3.69575,0.0275193
3607,3.69571,0.0274144
3608,3.69606,0.0270546
3609,3.69582,0.0271629
3610,3.69574,0.0267729
3611,3.69581,0.0271057
3612,3.69587,0.0271862
3613,3.69594,0.0271559
3614,3.69601,0.027244
3615,3.69572,0.0272214
3616,3.69575,0.0269546
3617,3.69585,0.0268775
3618,3.69617,0.027132
3619,3.6957,0.0272422
3620,3.69585,0.0265582
3621,3.69602,0.0264817
3622,3.69568,0.0264964
3623,3.69583,0.0273679
3624,3.69577,0.0264731
3625,3.69616,0.0266022
3626,3.69575,0.0267506
3627,3.69603,0.027705
3628,3.69577,0.0276071
3629,3.69578,0.0274887
3630,3.69575,0.0267075
3631,3.69577,0.0268827
3632,3.69579,0.027084
3633,3.69586,0.0278298
3634,3.69574,0.026761
3635,3.69606,0.0269549
3636,3.6958,0.026765
3637,3.69578,0.0265407
3638,3.69591,0.0272942
3639,3.6958,0.0277065
3640,3.69568,0.0270262
3641,3.6959,0.0270042
3642,3.69591,0.0271143
3643,3.69583,0.0270335
3644,3.69579,0.0269415
3645,3.69609,0.0277392
3646,3.69574,0.0273104
3647,3.69577,0.0273731
3648,3.69574,0.0273043
3649,3.69616,0.0271999
3650,3.69588,0.0444876
3651,3.69569,0.027404
3652,3.69583,0.0273691
3653,3.69578,0.0274756
3654,3.69577,0.0273587
3655,3.69617,0.0268173
3656,3.69571,0.0276689
3657,3.69579,0.0272107
3658,3.69586,0.0269555
3659,3.69612,0.0272217
3660,3.69571,0.0262911
3661,3.69589,0.0270378
3662,3.69581,0.0274664
3663,3.6959,0.0266622
3664,3.69572,0.0267117
3665,3.69624,0.0270574
3666,3.69585,0.0279785
3667,3.69613,0.0265836
3668,3.69605,0.0267218
3669,3.69579,0.0266447
3670,3.69587,0.0265683
3671,3.69581,0.0269794
3672,3.69611,0.0263349
3673,3.69598,0.0273006
3674,3.69581,0.0268115
3675,3.69588,0.0266916
3676,3.69586,0.0272819
3677,3.69603,0.0271837
3678,3.69598,0.0493397
3679,3.6957,0.0267864
3680,3.69614,0.0270097
3681,3.69567,0.0268194
3682,3.69582,0.0264976
3683,3.69579,0.0274581
3684,3.69629,0.0270874
3685,3.69616,0.027746
3686,3.69574,0.026549
3687,3.69568,0.0273296
3688,3.69587,0.0271027
3689,3.69602,0.0271106
3690,3.6957,0.0272336
3691,3.69574,0.0263869
3692,3.69577,0.0276983
3693,3.69577,0.0274688
3694,3.69576,0.0266527
3695,3.69587,0.0271278
3696,3.6958,0.027355
3697,3.6958,0.0271703
3698,3.69595,0.02675
3699,3.69574,0.0273462
3700,3.6956,0.0276937
3701,3.69582,0.0273474
3702,3.69578,0.0270082
3703,3.69567,0.027159
3704,3.69593,0.0263609
3705,3.69585,0.0269974
3706,3.69612,0.0273587
3707,3.69614,0.0267124
3708,3.69578,0.0275771
3709,3.69599,0.0265753
3710,3.69571,0.0271672
3711,3.69567,0.0271385
3712,3.6962,0.0263489
3713,3.69605,0.027188
3714,3.69572,0.0272798
3715,3.6956,0.0265897
3716,3.69611,0.0270335
3717,3.69581,0.0274881
3718,3.69576,0.0276349
3719,3.69613,0.0265059
3720,3.69584,0.0457274
3721,3.69577,0.0263055
3722,3.69631,0.0265004
3723,3.69577,0.0271791
3724,3.696,0.027653
3725,3.6956,0.0277493
3726,3.69583,0.026386
3727,3.69613,0.0270537
3728,3.69579,0.0270611
3729,3.69576,0.0313369
3730,3.69581,0.0276986
3731,3.69592,0.0271941
3732,3.69575,0.0264092
3733,3.69578,0.0273657
3734,3.69588,0.0279576
3735,3.69582,0.0279928
3736,3.69573,0.0271868
3737,3.69604,0.0272021
3738,3.69582,0.0271724
3739,3.69576,0.0271232
3740,3.69579,0.0269886
3741,3.69583,0.0275637
3742,3.69573,0.0268274
3743,3.69583,0.0268974
3744,3.69583,0.027835
3745,3.69617,0.0270228
3746,3.69581,0.0268466
3747,3.69613,0.0270932
3748,3.69589,0.032944
3749,3.69597,0.0267686
3750,3.69584,0.026382
3751,3.69607,0.026831
3752,3.6959,0.027088
3753,3.69625,0.0273673
3754,3.69566,0.0279635
3755,3.69572,0.0276912
3756,3.69561,0.0273168
3757,3.69576,0.0264866
3758,3.69618,0.0270956
3759,3.69566,0.0271189
3760,3.696,0.0271834
3761,3.69614,0.0277215
3762,3.69584,0.0265095
3763,3.69616,0.0263061
3764,3.69592,0.027326
3765,3.69586,0.0274135
3766,3.6962,0.0266897
3767,3.69567,0.0278946
3768,3.69575,0.0275389
3769,3.69582,0.0271541
3770,3.69587,0.0269072
3771,3.69577,0.0331998
3772,3.6962,0.0272299
3773,3.69578,0.0274927
3774,3.69581,0.0279411
3775,3.69573,0.0273734
3776,3.6958,0.0274841
3777,3.69586,0.027065
3778,3.69571,0.0268121
3779,3.6959,0.0264514
3780,3.69582,0.0271642
3781,3.69606,0.0274135
3782,3.69569,0.0274278
3783,3.69602,0.0275426
3784,3.69578,0.0269222
3785,3.69619,0.026564
3786,3.6962,0.0266912
3787,3.69582,0.0267405
3788,3.69584,0.0277206
3789,3.69576,0.0269757
3790,3.69606,0.0277695
3791,3.69562,0.0264318
3792,3.69574,0.0274893
3793,3.69586,0.0269938
3794,3.69601,0.0268674
3795,3.69583,0.026185
3796,3.69594,0.0269097
3797,3.69581,0.0266558
3798,3.69618,0.0267313
3799,3.69582,0.0458672
3800,3.69588,0.0271177
3801,3.69589,0.0269843
3802,3.69615,0.0270421
3803,3.69593,0.0271883
3804,3.69624,0.0278839
3805,3.69573,0.0269769
3806,3.69625,0.0270727
3807,3.69587,0.027002
3808,3.69609,0.0265239
3809,3.69586,0.0263805
3810,3.69579,0.0276138
3811,3.69582,0.0270464
3812,3.69582,0.0264627
3813,3.69627,0.0265903
3814,3.69566,0.0273437
3815,3.69582,0.0266496
3816,3.69619,0.0264459
3817,3.69602,0.0271271
3818,3.69581,0.026846
3819,3.69606,0.0272247
3820,3.69578,0.0263811
3821,3.69583,0.0278775
3822,3.69574,0.0262761
3823,3.69602,0.0271926
3824,3.69578,0.0271623
3825,3.69576,0.0269941
3826,3.69578,0.0267007
3827,3.69623,0.0272871
3828,3.69572,0.0278179
3829,3.69567,0.0275343
3830,3.69589,0.0270602
3831,3.69629,0.0263067
3832,3.69571,0.0266674
3833,3.69588,0.027378
3834,3.69573,0.0270241
3835,3.69559,0.0791531
3836,3.69579,0.0275991
3837,3.69611,0.0270761
3838,3.69574,0.0276068
3839,3.69577,0.0267659
3840,3.69576,0.0278279
3841,3.69576,0.0270265
3842,3.69568,0.0274281
3843,3.6957,0.0276573
3844,3.69593,0.0268044
3845,3.69615,0.0278383
3846,3.6959,0.0276995
3847,3.69588,0.0279931
3848,3.69581,0.0271394
3849,3.69591,0.0271859
3850,3.69623,0.0272645
3851,3.69586,0.0276288
3852,3.69587,0.027278
3853,3.69578,0.0272452
3854,3.69611,0.0273425
3855,3.69577,0.0272562
3856,3.69582,0.0269659
3857,3.69609,0.0265199
3858,3.69591,0.0271177
3859,3.69565,0.0266714
3860,3.69622,0.0263902
3861,3.69635,0.0266007
3862,3.69611,0.0273593
3863,3.69592,0.0272201
3864,3.69584,0.0273667
3865,3.69594,0.027571
3866,3.69625,0.0271877
3867,3.69589,0.0269497
3868,3.69593,0.0277707
3869,3.69572,0.0497007
3870,3.69579,0.0266402
3871,3.6961,0.0270742
3872,3.69587,0.0274245
3873,3.69583,0.027735
3874,3.69574,0.0266594
3875,3.69612,0.0269739
3876,3.69561,0.0269317
3877,3.6958,0.0275484
3878,3.69577,0.026631
3879,3.69618,0.0269029
3880,3.69593,0.0267411
3881,3.69584,0.0274918
3882,3.69592,0.027382
3883,3.69614,0.0278968
3884,3.69562,0.0279108
3885,3.69578,0.0279112
3886,3.69594,0.0276585
3887,3.69581,0.0269097
3888,3.69568,0.0271483
3889,3.69614,0.0270124
3890,3.69588,0.0267408
3891,3.69584,0.0276248
3892,3.69585,0.0282788
3893,3.69582,0.0271706
3894,3.69581,0.0276392
3895,3.69573,0.0271672
3896,3.69572,0.0270342
3897,3.69621,0.028184
3898,3.69596,0.0270244
3899,3.69575,0.0270363
3900,3.69584,0.0273501
3901,3.69591,0.0276193
3902,3.69578,0.0270742
3903,3.69581,0.0272935
3904,3.69585,0.0266429
3905,3.69616,0.027244
3906,3.69605,0.0272932
3907,3.69583,0.0274639
3908,3.69589,0.0271966
3909,3.69574,0.0270051
3910,3.6961,0.0277047
3911,3.6958,0.0264676
3912,3.69579,0.0270975
3913,3.69588,0.0277059
3914,3.69581,0.0270473
3915,3.69571,0.0272951
3916,3.69598,0.0269314
3917,3.69621,0.0270317
3918,3.69565,0.0278347
3919,3.69584,0.0271856
3920,3.69563,0.0471119
3921,3.69587,0.0273449
3922,3.69576,0.0272094
3923,3.69592,0.0277215
3924,3.69586,0.0276888
3925,3.69578,0.0277854
3926,3.69585,0.0265068
3927,3.69583,0.0269968
3928,3.69574,0.0270158
3929,3.69612,0.0263211
3930,3.69619,0.0267368
3931,3.69583,0.0273881
3932,3.69577,0.0278634
3933,3.69592,0.026453
3934,3.69586,0.027363
3935,3.69579,0.0274499
3936,3.69625,0.0272357
3937,3.69582,0.0265686
3938,3.69595,0.0271391
3939,3.69614,0.0279708
3940,3.6961,0.0271938
3941,3.69591,0.026961
3942,3.69622,0.0264043
3943,3.69596,0.0274612
3944,3.69567,0.026356
3945,3.69576,0.0270406
3946,3.69618,0.0264034
3947,3.69585,0.0269705
3948,3.69621,0.0453747
3949,3.69584,0.026586
3950,3.69591,0.0275502
3951,3.69588,0.0276117
3952,3.69573,0.0277181
3953,3.69582,0.0266729
3954,3.69603,0.0271143
3955,3.69564,0.0270709
3956,3.69572,0.0265842
3957,3.69585,0.0271681
3958,3.69578,0.0270583
3959,3.69618,0.0276527
3960,3.69586,0.0274783
3961,3.6958,0.0274236
3962,3.69585,0.0275695
3963,3.69581,0.027545
3964,3.69577,0.0274841
3965,3.6957,0.0276995
3966,3.69599,0.0272388
3967,3.69612,0.0276802
3968,3.69584,0.026787
3969,3.69587,0.0272333
3970,3.69618,0.0266989
3971,3.69586,0.0271788
3972,3.69598,0.0274208
3973,3.69573,0.0277197
3974,3.69577,0.0272639
3975,3.69598,0.0269314
3976,3.69572,0.0269552
3977,3.69577,0.0279396
3978,3.69588,0.0268592
3979,3.69605,0.0273633
3980,3.69589,0.0277059
3981,3.69587,0.0266004
3982,3.69594,0.0274294
3983,3.69581,0.0271605
3984,3.69585,0.0272296
3985,3.69585,0.0262547
3986,3.69596,0.0263392
3987,3.69583,0.0269289
3988,3.69589,0.0278659
3989,3.69575,0.0277472
3990,3.69583,0.0455487
3991,3.69559,0.0266729
3992,3.69576,0.0272269
3993,3.69611,0.0271617
3994,3.69582,0.0265842
3995,3.69624,0.026419
3996,3.69613,0.0273131
3997,3.69612,0.0266873
3998,3.69619,0.0275887
3999,3.69598,0.0273125
4000,3.69618,0.0273015
4001,3.69587,0.0274477
4002,3.6958,0.0266007
4003,3.69576,0.0271675
4004,3.69597,0.0276138
4005,3.69601,0.0275686
4006,3.69589,0.0271345
4007,3.69577,0.0279093
4008,3.69584,0.0264946
4009,3.6961,0.0260816
4010,3.69605,0.0272137
4011,3.69579,0.0270207
4012,3.69614,0.0280035
4013,3.69571,0.0277649
4014,3.69568,0.0276077
4015,3.69586,0.0263771
4016,3.6961,0.0272452
4017,3.69585,0.0274067
4018,3.69578,0.0485291
4019,3.69608,0.0268733
4020,3.69587,0.0277906
4021,3.69589,0.0273575
4022,3.69582,0.0272914
4023,3.69582,0.0270436
4024,3.69585,0.0270742
4025,3.69611,0.0273183
4026,3.69626,0.026564
4027,3.69591,0.027742
4028,3.69588,0.0264453
4029,3.69602,0.0282773
4030,3.69579,0.0276322
4031,3.69625,0.0267983
4032,3.69601,0.0285655
4033,3.69583,0.0276083
4034,3.69578,0.0275321
4035,3.69586,0.0273413
4036,3.69578,0.0270317
4037,3.69578,0.0274945
4038,3.69579,0.0280216
4039,3.69579,0.0266805
4040,3.69618,0.0277842
4041,3.69608,0.0370715
4042,3.69571,0.0277197
4043,3.69567,0.0271525
4044,3.69572,0.0271088
4045,3.69606,0.0276279
4046,3.69596,0.0270678
4047,3.69616,0.0273162
4048,3.69578,0.0272391
4049,3.69582,0.0270993
4050,3.69578,0.0273547
4051,3.69582,0.0271051
4052,3.69587,0.0264557
4053,3.69578,0.0263278
4054,3.69577,0.0270966
4055,3.69618,0.0269555
4056,3.69586,0.0269993
4057,3.69579,0.0277362
4058,3.69585,0.0263697
4059,3.6962,0.0274147
4060,3.69578,0.0280017
4061,3.69582,0.026809
4062,3.69629,0.0266062
4063,3.69571,0.0275808
4064,3.69584,0.0271773
4065,3.69578,0.026802
4066,3.69606,0.0278185
4067,3.69603,0.0261489
4068,3.69582,0.143985
4069,3.69617,0.0480666
4070,3.69619,0.0263236
4071,3.6959,0.02753
4072,3.69571,0.0270608
4073,3.6961,0.0271954
4074,3.69584,0.0270063
4075,3.69558,0.0276386
4076,3.69585,0.0271984
4077,3.69587,0.0270109
4078,3.69623,0.0273192
4079,3.69577,0.0268916
4080,3.69575,0.0267053
4081,3.69573,0.0274361
4082,3.69617,0.027229
4083,3.69577,0.0485211
4084,3.69568,0.0273966
4085,3.69579,0.027233
4086,3.69587,0.0265294
4087,3.69614,0.026635
4088,3.69607,0.0270865
4089,3.6957,0.0271458
4090,3.69583,0.0275936
4091,3.69587,0.027262
4092,3.69593,0.0264682
4093,3.69571,0.0275793
4094,3.69586,0.0277888
4095,3.69591,0.0267894
4096,3.69613,0.0264098
4097,3.69605,0.026482
4098,3.69569,0.0271608
4099,3.69582,0.0272981
4100,3.69578,0.0264505
4101,3.69611,0.0273553
4102,3.69576,0.0268919
4103,3.6958,0.0270706
4104,3.69576,0.0275679
4105,3.69582,0.0270311
4106,3.69579,0.0271134
4107,3.69593,0.0276576
4108,3.69585,0.027727
4109,3.69579,0.0276781
4110,3.69564,0.0271299
4111,3.69579,0.0273419
4112,3.69589,0.0275588
4113,3.69577,0.0274009
4114,3.69576,0.0265414
4115,3.69576,0.0272076
4116,3.69584,0.0270895
4117,3.69621,0.0272633
4118,3.69573,0.0272018
4119,3.69575,0.0274177
4120,3.69575,0.0274294
4121,3.69573,0.0273067
4122,3.69605,0.0265637
4123,3.69584,0.0269681
4124,3.69568,0.0269451
4125,3.69602,0.027092
4126,3.69568,0.0275774
4127,3.69568,0.0276285
4128,3.69585,0.0273137
4129,3.69603,0.0269745
4130,3.6958,0.0265667
4131,3.69582,0.026512
4132,3.69592,0.0274826
4133,3.69582,0.0265906
4134,3.69571,0.0270865
4135,3.69578,0.0269892
4136,3.69607,0.0266506
4137,3.6959,0.026672
4138,3.69593,0.026902
4139,3.69597,0.0492051
4140,3.696,0.0264013
4141,3.69606,0.0269864
4142,3.69581,0.0273431
4143,3.69575,0.0270449
4144,3.69601,0.027578
4145,3.69583,0.0268837
4146,3.69572,0.0269115
4147,3.69571,0.027143
4148,3.69607,0.0268289
4149,3.69578,0.0269757
4150,3.69585,0.0273367
4151,3.69574,0.0267142
4152,3.69573,0.0269996
4153,3.69589,0.0271348
4154,3.69579,0.0263453
4155,3.69572,0.027341
4156,3.69617,0.027694
4157,3.69608,0.027147
4158,3.69571,0.0269629
4159,3.69577,0.027846
4160,3.69571,0.0273287
4161,3.69579,0.0268702
4162,3.69568,0.0272568
4163,3.69574,0.0276288
4164,3.69567,0.0271721
4165,3.69602,0.027374
4166,3.69591,0.0270626
4167,3.6958,0.0266322
4168,3.69575,0.0270387
4169,3.69577,0.0279087
4170,3.69572,0.0276346
4171,3.69572,0.0264533
4172,3.69606,0.0267705
4173,3.69583,0.0272422
4174,3.6957,0.0264597
4175,3.69578,0.0278237
4176,3.69577,0.027523
4177,3.69601,0.0266662
4178,3.69609,0.0268996
4179,3.69608,0.0273972
4180,3.69581,0.0276652
4181,3.69597,0.0427299
4182,3.69579,0.0274156
4183,3.69573,0.0270091
4184,3.69576,0.0274936
4185,3.69587,0.0263768
4186,3.69591,0.0266243
4187,3.69603,0.0270467
4188,3.69577,0.0276741
4189,3.69592,0.0275894
4190,3.69583,0.0265973
4191,3.69584,0.0266888
4192,3.69579,0.0270611
4193,3.69585,0.0272575
4194,3.69579,0.0268451
4195,3.69575,0.0278506
4196,3.6962,0.0270917
4197,3.69579,0.0270813
4198,3.69578,0.02759
4199,3.69583,0.0269289
4200,3.69571,0.027092
4201,3.69575,0.0276927
4202,3.69567,0.0267353
4203,3.69578,0.0267821
4204,3.69578,0.0272296
4205,3.69567,0.0269268
4206,3.69613,0.0272204
4207,3.69576,0.027667
4208,3.69576,0.0270858
4209,3.69583,0.0263581
4210,3.69592,0.027337
4211,3.69577,0.0263973
4212,3.69598,0.0271639
4213,3.69598,0.0265649
4214,3.69609,0.0267325
4215,3.69607,0.0270259
4216,3.69604,0.0272189
4217,3.69567,0.0275854
4218,3.69572,0.0272608
4219,3.69585,0.0271525
4220,3.69573,0.0274924
4221,3.69576,0.0268616
4222,3.69573,0.0263973
4223,3.69574,0.02743
4224,3.69595,0.0272189
4225,3.69598,0.027054
4226,3.69564,0.0271709
4227,3.69575,0.0276946
4228,3.69578,0.0272565
4229,3.69597,0.0270161
4230,3.69565,0.0277738
4231,3.69577,0.0271501
4232,3.6958,0.0362814
4233,3.69582,0.0277463
4234,3.6958,0.0274636
4235,3.69571,0.0281173
4236,3.69571,0.0281026
4237,3.69613,0.0286016
4238,3.69569,0.0295691
4239,3.69612,0.0282247
4240,3.69573,0.0283137
4241,3.69598,0.0266616
4242,3.69584,0.0273171
4243,3.69589,0.0274587
4244,3.69582,0.0284553
4245,3.69581,0.0270494
4246,3.69579,0.0297006
4247,3.69575,0.0297661
4248,3.69589,0.0301711
4249,3.69582,0.0276187
4250,3.69607,0.0291904
4251,3.69607,0.027627
4252,3.69579,0.0269503
4253,3.69584,0.0276362
4254,3.69576,0.0266729
4255,3.69578,0.0274655
4256,3.69572,0.0278019
4257,3.69586,0.0294082
4258,3.69578,0.0271327
4259,3.69579,0.0262511
4260,3.69577,0.0270742
4261,3.69569,0.0274431
4262,3.69584,0.0271415
4263,3.69603,0.201611
4264,3.69608,0.0267072
4265,3.69584,0.0266151
4266,3.69602,0.0268243
4267,3.6962,0.0272238
4268,3.69584,0.027597
4269,3.69601,0.0268102
4270,3.69595,0.0264967
4271,3.69567,0.0273018
4272,3.69584,0.0269926
4273,3.69577,0.0274982
4274,3.69577,0.0484193
4275,3.69599,0.0271834
4276,3.6958,0.0277607
4277,3.69579,0.0264692
4278,3.69625,0.0272351
4279,3.69573,0.0265098
4280,3.696,0.0275689
4281,3.69578,0.0276285
4282,3.69625,0.0268316
4283,3.69609,0.026427
4284,3.69574,0.0268937
4285,3.69584,0.0273761
4286,3.69582,0.0270831
4287,3.69576,0.0270464
4288,3.69618,0.0271085
4289,3.69577,0.0271122
4290,3.69579,0.0272669
4291,3.69584,0.0269375
4292,3.69579,0.0278848
4293,3.69583,0.0278227
4294,3.69577,0.0272697
4295,3.69583,0.027114
4296,3.6961,0.0269754
4297,3.69604,0.0276986
4298,3.69586,0.0268552
4299,3.69578,0.0275074
4300,3.69588,0.0272073
4301,3.69604,0.0271158
4302,3.69581,0.0499353
4303,3.69604,0.0267576
4304,3.69624,0.0265686
4305,3.69615,0.0270173
4306,3.69598,0.0278546
4307,3.69584,0.0273501
4308,3.69572,0.0283712
4309,3.69576,0.0268268
4310,3.69602,0.0270733
4311,3.69598,0.0277622
4312,3.69568,0.0275202
4313,3.69581,0.0272617
4314,3.69581,0.0277328
4315,3.69565,0.0266071
4316,3.69609,0.026519
4317,3.69579,0.0278041
4318,3.69572,0.0267301
4319,3.69599,0.0265729
4320,3.69599,0.0264566
4321,3.69604,0.0264637
4322,3.69566,0.027107
4323,3.69587,0.0265276
4324,3.69576,0.0278215
4325,3.69579,0.0280821
4326,3.6958,0.0279136
4327,3.69572,0.0269675
4328,3.69577,0.0265839
4329,3.69576,0.0270494
4330,3.6958,0.0265349
4331,3.69599,0.0264695
4332,3.69605,0.0273474
4333,3.69601,0.0275165
4334,3.69575,0.0267322
4335,3.69596,0.0265423
4336,3.69616,0.0271048
4337,3.6958,0.0264756
4338,3.69605,0.0268237
4339,3.6958,0.027657
4340,3.6963,0.0265013
4341,3.69607,0.0266548
4342,3.69571,0.0272694
4343,3.69592,0.0272856
4344,3.69577,0.0273771
4345,3.69603,0.026482
4346,3.69576,0.027125
4347,3.69572,0.026813
4348,3.69621,0.0268402
4349,3.69613,0.0266282
4350,3.69565,0.0273804
4351,3.6961,0.0274945
4352,3.69564,0.0276615
4353,3.69577,0.027028
4354,3.69605,0.0273664
4355,3.6958,0.0270611
4356,3.69564,0.0271666
4357,3.6958,0.0271391
4358,3.69567,0.0270271
4359,3.6956,0.0276254
4360,3.69581,0.0266698
4361,3.69585,0.0270767
4362,3.69569,0.0268763